a,ab,ac,ad,ae,af,ag,ah,ai,aj,ak,al,am,an,ao,ap,aq,ar,as,at,au,av,aw,ax,ay,az,aA,aB,aC,aD,aE,aF,aG,aH,aI,aJ
ba,b,bc,bd,be,bf,bg,bh,bi,bj,bk,bl,bm,bn,bo,bp,bq,br,bs,bt,bu,bv,bw,bx,by,bz,bA,bB,bC,bD,bE,bF,bG,bH,bI,bJ
ca,cb,c,cd,ce,cf,cg,ch,ci,cj,ck,cl,cm,cn,co,cp,cq,cr,cs,ct,cu,cv,cw,cx,cy,cz,cA,cB,cC,cD,cE,cF,cG,cH,cI,cJ
da,db,dc,d,de,df,dg,dh,di,dj,dk,dl,dm,dn,do,dp,dq,dr,ds,dt,du,dv,dw,dx,dy,dz,dA,dB,dC,dD,dE,dF,dG,dH,dI,dJ
ea,eb,ec,ed,e,ef,eg,eh,ei,ej,ek,el,em,en,eo,ep,eq,er,es,et,eu,ev,ew,ex,ey,ez,eA,eB,eC,eD,eE,eF,eG,eH,eI,eJ
fa,fb,fc,fd,fe,f,fg,fh,fi,fj,fk,fl,fm,fn,fo,fp,fq,fr,fs,ft,fu,fv,fw,fx,fy,fz,fA,fB,fC,fD,fE,fF,fG,fH,fI,fJ
ga,gb,gc,gd,ge,gf,g,gh,gi,gj,gk,gl,gm,gn,go,gp,gq,gr,gs,gt,gu,gv,gw,gx,gy,gz,gA,gB,gC,gD,gE,gF,gG,gH,gI,gJ
ha,hb,hc,hd,he,hf,hg,h,hi,hj,hk,hl,hm,hn,ho,hp,hq,hr,hs,ht,hu,hv,hw,hx,hy,hz,hA,hB,hC,hD,hE,hF,hG,hH,hI,hJ
ia,ib,ic,id,ie,if,ig,ih,i,ij,ik,il,im,in,io,ip,iq,ir,is,it,iu,iv,iw,ix,iy,iz,iA,iB,iC,iD,iE,iF,iG,iH,iI,iJ
ja,jb,jc,jd,je,jf,jg,jh,ji,j,jk,jl,jm,jn,jo,jp,jq,jr,js,jt,ju,jv,jw,jx,jy,jz,jA,jB,jC,jD,jE,jF,jG,jH,jI,jJ
ka,kb,kc,kd,ke,kf,kg,kh,ki,kj,k,kl,km,kn,ko,kp,kq,kr,ks,kt,ku,kv,kw,kx,ky,kz,kA,kB,kC,kD,kE,kF,kG,kH,kI,kJ
la,lb,lc,ld,le,lf,lg,lh,li,lj,lk,l,lm,ln,lo,lp,lq,lr,ls,lt,lu,lv,lw,lx,ly,lz,lA,lB,lC,lD,lE,lF,lG,lH,lI,lJ
ma,mb,mc,md,me,mf,mg,mh,mi,mj,mk,ml,m,mn,mo,mp,mq,mr,ms,mt,mu,mv,mw,mx,my,mz,mA,mB,mC,mD,mE,mF,mG,mH,mI,mJ
na,nb,nc,nd,ne,nf,ng,nh,ni,nj,nk,nl,nm,n,no,np,nq,nr,ns,nt,nu,nv,nw,nx,ny,nz,nA,nB,nC,nD,nE,nF,nG,nH,nI,nJ
oa,ob,oc,od,oe,of,og,oh,oi,oj,ok,ol,om,on,o,op,oq,or,os,ot,ou,ov,ow,ox,oy,oz,oA,oB,oC,oD,oE,oF,oG,oH,oI,oJ
pa,pb,pc,pd,pe,pf,pg,ph,pi,pj,pk,pl,pm,pn,po,p,pq,pr,ps,pt,pu,pv,pw,px,py,pz,pA,pB,pC,pD,pE,pF,pG,pH,pI,pJ
qa,qb,qc,qd,qe,qf,qg,qh,qi,qj,qk,ql,qm,qn,qo,qp,q,qr,qs,qt,qu,qv,qw,qx,qy,qz,qA,qB,qC,qD,qE,qF,qG,qH,qI,qJ
ra,rb,rc,rd,re,rf,rg,rh,ri,rj,rk,rl,rm,rn,ro,rp,rq,r,rs,rt,ru,rv,rw,rx,ry,rz,rA,rB,rC,rD,rE,rF,rG,rH,rI,rJ
sa,sb,sc,sd,se,sf,sg,sh,si,sj,sk,sl,sm,sn,so,sp,sq,sr,s,st,su,sv,sw,sx,sy,sz,sA,sB,sC,sD,sE,sF,sG,sH,sI,sJ
ta,tb,tc,td,te,tf,tg,th,ti,tj,tk,tl,tm,tn,to,tp,tq,tr,ts,t,tu,tv,tw,tx,ty,tz,tA,tB,tC,tD,tE,tF,tG,tH,tI,tJ
ua,ub,uc,ud,ue,uf,ug,uh,ui,uj,uk,ul,um,un,uo,up,uq,ur,us,ut,u,uv,uw,ux,uy,uz,uA,uB,uC,uD,uE,uF,uG,uH,uI,uJ
va,vb,vc,vd,ve,vf,vg,vh,vi,vj,vk,vl,vm,vn,vo,vp,vq,vr,vs,vt,vu,v,vw,vx,vy,vz,vA,vB,vC,vD,vE,vF,vG,vH,vI,vJ
wa,wb,wc,wd,we,wf,wg,wh,wi,wj,wk,wl,wm,wn,wo,wp,wq,wr,ws,wt,wu,wv,w,wx,wy,wz,wA,wB,wC,wD,wE,wF,wG,wH,wI,wJ
xa,xb,xc,xd,xe,xf,xg,xh,xi,xj,xk,xl,xm,xn,xo,xp,xq,xr,xs,xt,xu,xv,xw,x,xy,xz,xA,xB,xC,xD,xE,xF,xG,xH,xI,xJ
ya,yb,yc,yd,ye,yf,yg,yh,yi,yj,yk,yl,ym,yn,yo,yp,yq,yr,ys,yt,yu,yv,yw,yx,y,yz,yA,yB,yC,yD,yE,yF,yG,yH,yI,yJ
za,zb,zc,zd,ze,zf,zg,zh,zi,zj,zk,zl,zm,zn,zo,zp,zq,zr,zs,zt,zu,zv,zw,zx,zy,z,zA,zB,zC,zD,zE,zF,zG,zH,zI,zJ
Aa,Ab,Ac,Ad,Ae,Af,Ag,Ah,Ai,Aj,Ak,Al,Am,An,Ao,Ap,Aq,Ar,As,At,Au,Av,Aw,Ax,Ay,Az,A,AB,AC,AD,AE,AF,AG,AH,AI,AJ
Ba,Bb,Bc,Bd,Be,Bf,Bg,Bh,Bi,Bj,Bk,Bl,Bm,Bn,Bo,Bp,Bq,Br,Bs,Bt,Bu,Bv,Bw,Bx,By,Bz,BA,B,BC,BD,BE,BF,BG,BH,BI,BJ
Ca,Cb,Cc,Cd,Ce,Cf,Cg,Ch,Ci,Cj,Ck,Cl,Cm,Cn,Co,Cp,Cq,Cr,Cs,Ct,Cu,Cv,Cw,Cx,Cy,Cz,CA,CB,C,CD,CE,CF,CG,CH,CI,CJ
Da,Db,Dc,Dd,De,Df,Dg,Dh,Di,Dj,Dk,Dl,Dm,Dn,Do,Dp,Dq,Dr,Ds,Dt,Du,Dv,Dw,Dx,Dy,Dz,DA,DB,DC,D,DE,DF,DG,DH,DI,DJ
Ea,Eb,Ec,Ed,Ee,Ef,Eg,Eh,Ei,Ej,Ek,El,Em,En,Eo,Ep,Eq,Er,Es,Et,Eu,Ev,Ew,Ex,Ey,Ez,EA,EB,EC,ED,E,EF,EG,EH,EI,EJ
Fa,Fb,Fc,Fd,Fe,Ff,Fg,Fh,Fi,Fj,Fk,Fl,Fm,Fn,Fo,Fp,Fq,Fr,Fs,Ft,Fu,Fv,Fw,Fx,Fy,Fz,FA,FB,FC,FD,FE,F,FG,FH,FI,FJ
Ga,Gb,Gc,Gd,Ge,Gf,Gg,Gh,Gi,Gj,Gk,Gl,Gm,Gn,Go,Gp,Gq,Gr,Gs,Gt,Gu,Gv,Gw,Gx,Gy,Gz,GA,GB,GC,GD,GE,GF,G,GH,GI,GJ
Ha,Hb,Hc,Hd,He,Hf,Hg,Hh,Hi,Hj,Hk,Hl,Hm,Hn,Ho,Hp,Hq,Hr,Hs,Ht,Hu,Hv,Hw,Hx,Hy,Hz,HA,HB,HC,HD,HE,HF,HG,H,HI,HJ
Ia,Ib,Ic,Id,Ie,If,Ig,Ih,Ii,Ij,Ik,Il,Im,In,Io,Ip,Iq,Ir,Is,It,Iu,Iv,Iw,Ix,Iy,Iz,IA,IB,IC,ID,IE,IF,IG,IH,I,IJ
Ja,Jb,Jc,Jd,Je,Jf,Jg,Jh,Ji,Jj,Jk,Jl,Jm,Jn,Jo,Jp,Jq,Jr,Js,Jt,Ju,Jv,Jw,Jx,Jy,Jz,JA,JB,JC,JD,JE,JF,JG,JH,JI,J